Nume client,Varsta client,Name formatie,Varsta minima,Durata(min),Nume locatie,Adresa,Nr locuri,Ziua,Luna,Anul,Ora,Min
Ptolemy Grainger,29,The 5:55,15,20,Arenele Romane,Str. Wyndham Court nr 963,1000,14,7,2020,20,45
Ptolemy Grainger,29,The 5:55,15,20,Arenele Romane,Str. Wyndham Court nr 963,1000,14,7,2020,20,45
Ptolemy Grainger,29,The 5:55,15,20,Arenele Romane,Str. Wyndham Court nr 963,1000,14,7,2020,20,45
Ptolemy Grainger,29,The 5:55,15,20,Arenele Romane,Str. Wyndham Court nr 963,1000,14,7,2020,20,45
Ptolemy Grainger,29,The 5:55,15,20,Arenele Romane,Str. Wyndham Court nr 963,1000,14,7,2020,20,45
Ptolemy Grainger,29,The 5:55,15,20,Arenele Romane,Str. Wyndham Court nr 963,1000,14,7,2020,20,45
Ptolemy Grainger,29,The 5:55,15,20,Arenele Romane,Str. Wyndham Court nr 963,1000,14,7,2020,20,45
Ptolemy Grainger,29,The 5:55,15,20,Arenele Romane,Str. Wyndham Court nr 963,1000,14,7,2020,20,45
Ptolemy Grainger,29,The 5:55,15,20,Arenele Romane,Str. Wyndham Court nr 963,1000,14,7,2020,20,45
Ptolemy Grainger,29,The 5:55,15,20,Arenele Romane,Str. Wyndham Court nr 963,1000,14,7,2020,20,45
Ptolemy Grainger,29,The 5:55,15,20,Arenele Romane,Str. Wyndham Court nr 963,1000,14,7,2020,20,45
Ptolemy Grainger,29,The 5:55,15,20,Arenele Romane,Str. Wyndham Court nr 963,1000,14,7,2020,20,45
Ptolemy Grainger,29,The 5:55,15,20,Arenele Romane,Str. Wyndham Court nr 963,1000,14,7,2020,20,45
Ptolemy Grainger,29,The 5:55,15,20,Arenele Romane,Str. Wyndham Court nr 963,1000,14,7,2020,20,45
Ptolemy Grainger,29,The 5:55,15,20,Arenele Romane,Str. Wyndham Court nr 963,1000,14,7,2020,20,45
Ptolemy Grainger,29,The 5:55,15,20,Arenele Romane,Str. Wyndham Court nr 963,1000,14,7,2020,20,45
Ptolemy Grainger,29,The 5:55,15,20,Arenele Romane,Str. Wyndham Court nr 963,1000,14,7,2020,20,45
Ptolemy Grainger,29,The 5:55,15,20,Arenele Romane,Str. Wyndham Court nr 963,1000,14,7,2020,20,45
Ptolemy Grainger,29,The 5:55,15,20,Arenele Romane,Str. Wyndham Court nr 963,1000,14,7,2020,20,45
Ptolemy Grainger,29,The 5:55,15,20,Arenele Romane,Str. Wyndham Court nr 963,1000,14,7,2020,20,45
Ptolemy Grainger,29,The 5:55,15,20,Arenele Romane,Str. Wyndham Court nr 963,1000,14,7,2020,20,45
Ptolemy Grainger,29,The 5:55,15,20,Arenele Romane,Str. Wyndham Court nr 963,1000,14,7,2020,20,45
Ptolemy Grainger,29,The 5:55,15,20,Arenele Romane,Str. Wyndham Court nr 963,1000,14,7,2020,20,45
Ptolemy Grainger,29,The 5:55,15,20,Arenele Romane,Str. Wyndham Court nr 963,1000,14,7,2020,20,45
Ptolemy Grainger,29,The 5:55,15,20,Arenele Romane,Str. Wyndham Court nr 963,1000,14,7,2020,20,45
Ptolemy Grainger,29,The 5:55,15,20,Arenele Romane,Str. Wyndham Court nr 963,1000,14,7,2020,20,45
Ptolemy Grainger,29,The 5:55,15,20,Arenele Romane,Str. Wyndham Court nr 963,1000,14,7,2020,20,45
Ptolemy Grainger,29,The 5:55,15,20,Arenele Romane,Str. Wyndham Court nr 963,1000,14,7,2020,20,45
Ptolemy Grainger,29,The 5:55,15,20,Arenele Romane,Str. Wyndham Court nr 963,1000,14,7,2020,20,45
Ptolemy Grainger,29,The 5:55,15,20,Arenele Romane,Str. Wyndham Court nr 963,1000,14,7,2020,20,45
Ptolemy Grainger,29,The 5:55,15,20,Arenele Romane,Str. Wyndham Court nr 963,1000,14,7,2020,20,45
Ptolemy Grainger,29,The 5:55,15,20,Arenele Romane,Str. Wyndham Court nr 963,1000,14,7,2020,20,45
Ptolemy Grainger,29,The 5:55,15,20,Arenele Romane,Str. Wyndham Court nr 963,1000,14,7,2020,20,45
Ptolemy Grainger,29,The 5:55,15,20,Arenele Romane,Str. Wyndham Court nr 963,1000,14,7,2020,20,45
Ptolemy Grainger,29,The 5:55,15,20,Arenele Romane,Str. Wyndham Court nr 963,1000,14,7,2020,20,45
Ptolemy Grainger,29,The 5:55,15,20,Arenele Romane,Str. Wyndham Court nr 963,1000,14,7,2020,20,45
Ptolemy Grainger,29,The 5:55,15,20,Arenele Romane,Str. Wyndham Court nr 963,1000,14,7,2020,20,45
Ptolemy Grainger,29,The 5:55,15,20,Arenele Romane,Str. Wyndham Court nr 963,1000,14,7,2020,20,45
Ptolemy Grainger,29,The 5:55,15,20,Arenele Romane,Str. Wyndham Court nr 963,1000,14,7,2020,20,45
Ptolemy Grainger,29,The 5:55,15,20,Arenele Romane,Str. Wyndham Court nr 963,1000,14,7,2020,20,45
Ptolemy Grainger,29,The 5:55,15,20,Arenele Romane,Str. Wyndham Court nr 963,1000,14,7,2020,20,45
Ptolemy Grainger,29,The 5:55,15,20,Arenele Romane,Str. Wyndham Court nr 963,1000,14,7,2020,20,45
Ptolemy Grainger,29,The 5:55,15,20,Arenele Romane,Str. Wyndham Court nr 963,1000,14,7,2020,20,45
