Nume client,Varsta client,Name trupa,Varsta minima,Durata(min),Nume locatie,Adresa,Nr locuri,Ziua,Luna,Anul,Ora,Min
Safah Campbell,26,Victoria Art,12,45,Teatrul National,Str. The Old Corner nr 968,500,30,9,2020,16,30
Safah Campbell,26,Victoria Art,12,45,Teatrul National,Str. The Old Corner nr 968,500,30,9,2020,16,30
Safah Campbell,26,Victoria Art,12,45,Teatrul National,Str. The Old Corner nr 968,500,30,9,2020,16,30
Safah Campbell,26,Victoria Art,12,45,Teatrul National,Str. The Old Corner nr 968,500,30,9,2020,16,30
Safah Campbell,26,Victoria Art,12,45,Teatrul National,Str. The Old Corner nr 968,500,30,9,2020,16,30
Safah Campbell,26,Victoria Art,12,45,Teatrul National,Str. The Old Corner nr 968,500,30,9,2020,16,30
Safah Campbell,26,Victoria Art,12,45,Teatrul National,Str. The Old Corner nr 968,500,30,9,2020,16,30
Safah Campbell,26,Victoria Art,12,45,Teatrul National,Str. The Old Corner nr 968,500,30,9,2020,16,30
Safah Campbell,26,Victoria Art,12,45,Teatrul National,Str. The Old Corner nr 968,500,30,9,2020,16,30
Safah Campbell,26,Victoria Art,12,45,Teatrul National,Str. The Old Corner nr 968,500,30,9,2020,16,30
Safah Campbell,26,Victoria Art,12,45,Teatrul National,Str. The Old Corner nr 968,500,30,9,2020,16,30
Safah Campbell,26,Victoria Art,12,45,Teatrul National,Str. The Old Corner nr 968,500,30,9,2020,16,30
Safah Campbell,26,Victoria Art,12,45,Teatrul National,Str. The Old Corner nr 968,500,30,9,2020,16,30
Safah Campbell,26,Victoria Art,12,45,Teatrul National,Str. The Old Corner nr 968,500,30,9,2020,16,30
Safah Campbell,26,Victoria Art,12,45,Teatrul National,Str. The Old Corner nr 968,500,30,9,2020,16,30
Safah Campbell,26,Victoria Art,12,45,Teatrul National,Str. The Old Corner nr 968,500,30,9,2020,16,30
Safah Campbell,26,Victoria Art,12,45,Teatrul National,Str. The Old Corner nr 968,500,30,9,2020,16,30
Safah Campbell,26,Victoria Art,12,45,Teatrul National,Str. The Old Corner nr 968,500,30,9,2020,16,30
Safah Campbell,26,Victoria Art,12,45,Teatrul National,Str. The Old Corner nr 968,500,30,9,2020,16,30
Safah Campbell,26,Victoria Art,12,45,Teatrul National,Str. The Old Corner nr 968,500,30,9,2020,16,30
Safah Campbell,26,Victoria Art,12,45,Teatrul National,Str. The Old Corner nr 968,500,30,9,2020,16,30
Safah Campbell,26,Victoria Art,12,45,Teatrul National,Str. The Old Corner nr 968,500,30,9,2020,16,30
Safah Campbell,26,Victoria Art,12,45,Teatrul National,Str. The Old Corner nr 968,500,30,9,2020,16,30
Safah Campbell,26,Victoria Art,12,45,Teatrul National,Str. The Old Corner nr 968,500,30,9,2020,16,30
Safah Campbell,26,Victoria Art,12,45,Teatrul National,Str. The Old Corner nr 968,500,30,9,2020,16,30
Safah Campbell,26,Victoria Art,12,45,Teatrul National,Str. The Old Corner nr 968,500,30,9,2020,16,30
Safah Campbell,26,Victoria Art,12,45,Teatrul National,Str. The Old Corner nr 968,500,30,9,2020,16,30
Safah Campbell,26,Victoria Art,12,45,Teatrul National,Str. The Old Corner nr 968,500,30,9,2020,16,30
Safah Campbell,26,Victoria Art,12,45,Teatrul National,Str. The Old Corner nr 968,500,30,9,2020,16,30
Safah Campbell,26,Victoria Art,12,45,Teatrul National,Str. The Old Corner nr 968,500,30,9,2020,16,30
Safah Campbell,26,Victoria Art,12,45,Teatrul National,Str. The Old Corner nr 968,500,30,9,2020,16,30
Safah Campbell,26,Victoria Art,12,45,Teatrul National,Str. The Old Corner nr 968,500,30,9,2020,16,30
Safah Campbell,26,Victoria Art,12,45,Teatrul National,Str. The Old Corner nr 968,500,30,9,2020,16,30
Safah Campbell,26,Victoria Art,12,45,Teatrul National,Str. The Old Corner nr 968,500,30,9,2020,16,30
Safah Campbell,26,Victoria Art,12,45,Teatrul National,Str. The Old Corner nr 968,500,30,9,2020,16,30
Safah Campbell,26,Victoria Art,12,45,Teatrul National,Str. The Old Corner nr 968,500,30,9,2020,16,30
Safah Campbell,26,Victoria Art,12,45,Teatrul National,Str. The Old Corner nr 968,500,30,9,2020,16,30
Safah Campbell,26,Victoria Art,12,45,Teatrul National,Str. The Old Corner nr 968,500,30,9,2020,16,30
Safah Campbell,26,Victoria Art,12,45,Teatrul National,Str. The Old Corner nr 968,500,30,9,2020,16,30
Safah Campbell,26,Victoria Art,12,45,Teatrul National,Str. The Old Corner nr 968,500,30,9,2020,16,30
Safah Campbell,26,Victoria Art,12,45,Teatrul National,Str. The Old Corner nr 968,500,30,9,2020,16,30
Safah Campbell,26,Victoria Art,12,45,Teatrul National,Str. The Old Corner nr 968,500,30,9,2020,16,30
Safah Campbell,26,Victoria Art,12,45,Teatrul National,Str. The Old Corner nr 968,500,30,9,2020,16,30
